file_name,speaker,chapter,utterance,label,task,NAQ_mean,NAQ_std,NAQ_skewness,NAQ_kurtosis,NAQ_q25,NAQ_q50,NAQ_q75,QOQ_mean,QOQ_std,QOQ_skewness,QOQ_kurtosis,QOQ_q25,QOQ_q50,QOQ_q75,HRF_mean,HRF_std,HRF_skewness,HRF_kurtosis,HRF_q25,HRF_q50,HRF_q75,H1H2_mean,H1H2_std,H1H2_skewness,H1H2_kurtosis,H1H2_q25,H1H2_q50,H1H2_q75,G_RMS_mean,G_RMS_std,G_RMS_skewness,G_RMS_kurtosis,G_RMS_q25,G_RMS_q50,G_RMS_q75,G_ZCR_mean,G_ZCR_std,G_ZCR_skewness,G_ZCR_kurtosis,G_ZCR_q25,G_ZCR_q50,G_ZCR_q75,G_CREST_mean,G_CREST_std,G_CREST_skewness,G_CREST_kurtosis,G_CREST_q25,G_CREST_q50,G_CREST_q75,DG_PEAK_mean,DG_PEAK_std,DG_PEAK_skewness,DG_PEAK_kurtosis,DG_PEAK_q25,DG_PEAK_q50,DG_PEAK_q75,RES_RMS_mean,RES_RMS_std,RES_RMS_skewness,RES_RMS_kurtosis,RES_RMS_q25,RES_RMS_q50,RES_RMS_q75,RES_LEN_RATIO_mean,RES_LEN_RATIO_std,RES_LEN_RATIO_skewness,RES_LEN_RATIO_kurtosis,RES_LEN_RATIO_q25,RES_LEN_RATIO_q50,RES_LEN_RATIO_q75,mfcc_1_mean,mfcc_1_std,mfcc_2_mean,mfcc_2_std,mfcc_3_mean,mfcc_3_std,mfcc_4_mean,mfcc_4_std,mfcc_5_mean,mfcc_5_std,mfcc_6_mean,mfcc_6_std,mfcc_7_mean,mfcc_7_std,mfcc_8_mean,mfcc_8_std,mfcc_9_mean,mfcc_9_std,mfcc_10_mean,mfcc_10_std,mfcc_11_mean,mfcc_11_std,mfcc_12_mean,mfcc_12_std,mfcc_13_mean,mfcc_13_std,mfcc_14_mean,mfcc_14_std,mfcc_15_mean,mfcc_15_std,mfcc_16_mean,mfcc_16_std,mfcc_17_mean,mfcc_17_std,mfcc_18_mean,mfcc_18_std,mfcc_19_mean,mfcc_19_std,mfcc_20_mean,mfcc_20_std,mfcc_21_mean,mfcc_21_std,mfcc_22_mean,mfcc_22_std,mfcc_23_mean,mfcc_23_std,mfcc_24_mean,mfcc_24_std,mfcc_25_mean,mfcc_25_std,mfcc_26_mean,mfcc_26_std,mfcc_27_mean,mfcc_27_std,mfcc_28_mean,mfcc_28_std,mfcc_29_mean,mfcc_29_std,mfcc_30_mean,mfcc_30_std,mfcc_31_mean,mfcc_31_std,mfcc_32_mean,mfcc_32_std,mfcc_33_mean,mfcc_33_std,mfcc_34_mean,mfcc_34_std,mfcc_35_mean,mfcc_35_std,mfcc_36_mean,mfcc_36_std,mfcc_37_mean,mfcc_37_std,mfcc_38_mean,mfcc_38_std,mfcc_39_mean,mfcc_39_std
1034-121119-0000,1034,121119,0000,unknown,1034,0.449659674327572,0.149610929652351,0.179436891244578,2.47701152808927,0.320638680403761,0.454466721458938,0.55488932639702,0.598669140666985,0.179203892364202,0.0301762334191192,2.72374403434988,0.478036175710594,0.587624584717608,0.720930232558139,-0.227940587515402,6.22631148555494,0.746792879886027,4.91243869051945,-4.07093878041302,-0.8937623368481,2.74068455992236,10.1139061128618,6.68136850060134,0.57991190489801,4.58671668819933,6.305619792545,9.72711882057853,13.5543658523151,6.0690199095056,8.31675798158537,1.24592870915559,3.31360661429001,0.33512008328373,0.461631083880426,12.0462741223388,0.0130862812231765,0.00536664114104954,1.19470213157359,4.7129753205818,0.00876095118898623,0.0125156445556946,0.0150187734668335,2.37211544159522,0.456209500969852,1.77230713648576,7.82572759960463,2.07619685371491,2.28267071001639,2.53854954397501,1.158811368557,1.62256063318615,1.19616425031907,3.08490864168405,0.0303922966611959,0.048159828796507,2.2948854144234,3573.99877539442,684.600796917148,0.862683880830094,2.32896639591492,3028.36712226779,3073.69550426544,4184.93369912314,NaN,NaN,NaN,NaN,NaN,NaN,NaN,-2.54348808659294,3.77260492322662,-16.0090084832618,3.69339326197186,2.95636509750067,1.36916896066495,-0.230298179899111,0.64091860416873,0.70959872201551,0.802427857774599,-0.127589877108358,0.588615050033911,0.0633132913511677,0.347669284453343,-0.00464412233595638,0.324611068602901,0.120217822127629,0.281015625885422,0.114153538586626,0.269258155224234,-0.110706162700552,0.26793741341085,0.0408105517252768,0.216328290138583,0.0462318012071406,0.192225410921095,-0.000746551020666983,0.192303304514204,0.000993103545970303,0.399029921988728,0.00161722008623732,0.463588880501423,6.90498869516419e-06,0.271084513341107,-0.000596241547284129,0.19464365775494,0.000326165820403116,0.18981753802123,-0.000190198984541161,0.15018150698361,9.51686069365747e-05,0.126664325346249,-0.000817784099421143,0.131162737526348,-0.000462879383831589,0.123316478563916,0.000344089389895016,0.11227392152449,-0.000437742624713886,0.117664323976498,-0.000525737861754241,0.113419092492087,-0.000130848838258544,0.107204577909605,1.70922368116804e-05,0.104729457051729,0.000178380737239126,0.390749898917599,4.32686901580816e-06,0.397631475870858,-0.000117659463606494,0.276452233150232,5.84569962561662e-06,0.214786613712667,-0.000134304113202566,0.19274846312813,-8.43603501686286e-05,0.162496717629028,2.63837261869318e-05,0.15023875750844,-0.000233043480276622,0.146030573697947,-9.66424213192574e-06,0.137743473135885,0.000292604372500538,0.13165913792828,-8.70919282289549e-05,0.13980353535906
1034-121119-0001,1034,121119,0001,unknown,1034,0.400812568090483,0.137731075587233,1.06654536346576,4.344156778879,0.306281759382683,0.370141210811848,0.468577995873235,0.6361319000889,0.183892590491669,0.0452836734736256,2.76646906996816,0.511941056910569,0.630081300813008,0.76219512195122,-2.16707561419741,6.23018641263871,0.0903855281743206,3.31248875702828,-6.22377821953817,-2.05316975589871,1.88234489263141,11.296506234824,7.27673133251685,0.321193874285082,3.14531290464911,6.44809205330449,10.4730383307267,15.8443299743643,8.01726045482071,7.34210859705292,0.686216314743128,2.64998167498677,0.692504105998376,6.69123985081812,13.4928652957561,0.0151515009893809,0.00532984751026711,0.812379152155245,4.18790823104516,0.0112640801001252,0.0150187734668335,0.0175219023779725,2.50694796040524,0.503363569763564,1.69672044717928,7.23644995112015,2.18780596839163,2.38269014843144,2.68733918913644,1.67261368826889,1.62884359782274,0.9669139538867,3.79654294310794,0.100869296867421,1.34173667016353,2.7666793882974,3882.41386636145,644.536876650929,0.254513098229141,1.92831165343854,3282.26079800756,3839.48874243507,4398.57386890695,NaN,NaN,NaN,NaN,NaN,NaN,NaN,-0.453209065593429,2.89394653725117,-13.9429064970434,2.89281390062733,3.46896247163282,1.46967189349419,-0.457028816370861,0.789290991927971,0.988773136798471,0.888434498100338,-0.0266142948249281,0.552401272871291,0.0978143397017078,0.403062184643934,-0.199981491542513,0.395295989368669,0.0423340732938646,0.350201571776673,0.205893732294326,0.330146608329595,-0.249978893800341,0.292653065890676,0.029369740652195,0.249174626399643,0.0597463937462413,0.228374970492448,-0.007373845449261,0.21032191741206,0.000272875906858154,0.589437916547146,0.000584134999160724,0.764897432969323,1.90779277778292e-05,0.390735661033014,-0.000107296104868725,0.253835441671723,0.000148942027699693,0.244005147795472,-0.000122327248243009,0.196625102925803,-2.60221423704344e-05,0.142542119480766,0.000145492260428866,0.140371932348116,0.000188071168867503,0.144093032003731,0.000202005038337946,0.13137286905448,-8.06658932731689e-05,0.131267198256803,-7.10649977612075e-05,0.122428794222394,-8.76585086314355e-05,0.11474190914772,-0.000203540005933497,0.107445091411255,-9.12202391992573e-05,0.515144033562438,-0.000116563766646869,0.607958251612733,-9.00506310287913e-05,0.34542027693634,3.40598643018053e-05,0.265193062949664,8.11625303264628e-05,0.244242049564012,-7.13012690402642e-05,0.206999399432154,6.22611468672006e-05,0.153436708876736,0.000156339832774633,0.159981400469302,2.36213544546668e-05,0.149494858804319,-4.79423506063023e-05,0.149298379910786,-7.53261523663406e-07,0.144944008067463
1034-121119-0002,1034,121119,0002,unknown,1034,0.375456283318581,0.133375633899312,0.963690429432444,4.27806344607247,0.27759187396084,0.348411905099322,0.455075356953283,0.611765452988868,0.172427135795808,-0.0136129150799744,2.60086526199044,0.482,0.622428571428571,0.736,-1.3314062580958,6.33860195117072,0.666852212127535,5.36119695810699,-5.16226331764013,-1.40878732239063,2.08505714167178,11.0290563777959,6.81295818667737,0.576833386283465,3.24333551019066,5.94470082177505,10.0161083383889,15.0636560918968,8.16592481820705,7.4677720976181,0.574840697091868,2.21115857555465,0.659247646561948,6.79795810676115,14.2653453453166,0.0163703670508852,0.0060171347709137,1.15914169492683,5.28751115180337,0.0125156445556946,0.0150187734668335,0.0187734668335419,2.54265632442398,0.517300781507206,1.37048692273647,5.29673939542136,2.18944986856439,2.41941826836018,2.76374456374882,1.78627757063545,1.71252777777988,0.72412671335947,2.61292794051971,0.112368117921335,1.42984282903152,3.13428877620165,3876.41194000101,647.599710868573,0.310454393414773,1.99104582099584,3317.09741625004,3815.17061706943,4400.13456825534,NaN,NaN,NaN,NaN,NaN,NaN,NaN,-0.378656432181062,2.9879408467079,-13.9382938394331,2.93028195827907,3.45348306950484,1.65926208128504,-0.41936027795604,0.768130264296907,0.913231028175551,0.941493584133225,0.0797701843999364,0.555283660516035,0.170554672567148,0.440647606162151,-0.228900958762007,0.442360839786878,-0.00618439093180163,0.376410828379868,0.174180249577351,0.314835218108553,-0.270486773175076,0.281820599062466,0.0119569068713987,0.255787843332711,0.0748895094784371,0.236272187926555,-0.0231865228564549,0.20421172089893,3.20635126160385e-05,0.540461431946253,-7.49713750062022e-05,0.738284898128615,0.0001459600395974,0.416133376211093,0.000228744694055741,0.282999467027502,4.08196418016642e-05,0.263575735316962,9.10286088977988e-05,0.196674026060162,6.61509859685931e-05,0.159399586875301,-8.91153835734291e-06,0.150210687435105,3.12085439073112e-05,0.148755922040378,4.25625843250743e-05,0.140370554984539,7.93579692160916e-05,0.131569353484926,-0.000121858622841042,0.121359118162596,-0.000127134753160962,0.116193182036033,-7.67370984268259e-05,0.106204316382877,1.68775425945515e-05,0.458347229822764,4.33964239677346e-05,0.61113268635305,0.000103967934089759,0.389370560302706,6.25210878970587e-05,0.306425648349101,4.61892224860437e-05,0.261277410231782,-0.000105202677887091,0.207382713214478,-0.000117736432691696,0.174087409238256,-3.93408211919538e-05,0.161602931877287,4.74336969804177e-05,0.155473819133408,0.000125467270540862,0.161032808545581,3.27714093533841e-05,0.156713956688361
1034-121119-0003,1034,121119,0003,unknown,1034,0.443961398478337,0.152205893786237,1.1171619463696,5.23941092981321,0.33861574896939,0.410056163968947,0.529807999460982,0.65071139157738,0.190683395137895,-0.13639907196709,2.65736474372456,0.52314948156682,0.649193548387097,0.786290322580645,-1.56278835542524,6.55149308325959,-0.0621746898576346,3.19516177361687,-5.64759615257861,-1.56937346403986,2.72578226039438,10.6072425352089,7.53119035935317,0.351805731022937,3.38540121107306,6.05426382533084,9.97257109606793,14.8009087244429,6.6013939939582,7.05372082684134,0.959906094742902,3.14674642070312,0.43565405089995,3.68751843473296,12.2005057470405,0.0133956232314371,0.00467607543752542,0.81398887374288,4.49455541600026,0.0100125156445557,0.0137672090112641,0.016270337922403,2.46093722088042,0.501844745745081,1.54527002267827,6.30005466968746,2.11717898969889,2.32773452440791,2.67178204449606,1.28635921434919,1.44156641935678,1.23797853081832,4.55160660355028,0.037456553090421,0.754773729069993,2.19035818013265,3709.903703686,627.326146395029,0.458591882430861,1.96786792899715,3065.93734137631,3579.93181816431,4234.75430182103,NaN,NaN,NaN,NaN,NaN,NaN,NaN,-1.34114920503738,3.25130745349802,-14.9587990090766,3.20025966932389,3.25737196086797,1.47589791398101,-0.277199128529807,0.697274938662903,0.896782315634627,0.892367574371667,-0.0445199273169683,0.549738026101657,0.140186253793047,0.412274495218528,-0.130959468551928,0.336466805604297,0.0546374009678565,0.337538808439191,0.138975566427126,0.253040182989116,-0.163998736433645,0.260152710041244,0.0471343664234596,0.247423659204964,0.0404007257605397,0.220917415874937,0.0194218739481116,0.214775755937293,0.000403499412484471,0.510871440817437,0.000700966150492883,0.65600921421695,0.000252960564799064,0.391628485947321,-0.000297469418820506,0.245043568895335,-6.42313236988081e-05,0.223697292181977,6.76023023105512e-05,0.193085248603741,0.00014592297206342,0.157757422714983,-6.06938452522092e-05,0.138702646216047,-8.21498389591681e-05,0.142954784813257,1.39232132169335e-05,0.12085279105828,-0.000234592292745777,0.119513032226904,7.23757247646169e-05,0.116594902598568,6.34253761509999e-05,0.11090957975762,3.45809184058031e-05,0.103073815271909,6.62938747652262e-05,0.440093805790344,0.000115120355379937,0.539943193998367,3.04690475238216e-05,0.336987994541037,-0.000124495076959835,0.253178368562186,4.04966546596352e-05,0.218733283668328,0.000111828764292373,0.198506643841104,1.76770724036739e-05,0.170902654749435,-7.12473691336807e-06,0.15522077745871,-8.53707103139011e-06,0.148074427142264,3.17409715157771e-05,0.143573706517299,-3.79982885811083e-05,0.140506512753116
1034-121119-0004,1034,121119,0004,unknown,1034,0.41167099150645,0.154018319789137,1.94386681511436,12.1398583594316,0.315338364464809,0.385694573353777,0.482596245320067,0.658376939086876,0.205297830499799,-0.0933250736297293,2.54989107284557,0.517013888888889,0.654761904761905,0.803819444444444,-0.848202255337577,5.97552992356513,0.115382404779088,2.9698917691243,-4.86561799653154,-1.18178668746537,3.53403046264735,10.0178381069628,6.48460288619904,0.344163126499519,3.41344057271323,5.69582538437153,9.27212471416937,14.0829090455571,6.72986204637271,6.20667175848571,0.650362374139173,2.19748002169816,1.00977807108355,4.87724102553412,11.8839002031211,0.0153781200299501,0.00668229288643504,1.47826463931573,5.58581374547558,0.0112640801001252,0.0143929912390488,0.0175219023779725,2.58449787355761,0.600072603893921,1.58586493353502,5.70776128486529,2.19770960816997,2.41252565246243,2.80333685335602,1.4210618671019,1.34232317541795,0.699872211699395,2.52425581143276,0.149263928359405,1.05929458587252,2.56240041723665,3855.91611324247,608.161470327834,0.239476272250654,2.06463849598752,3352.58772847216,3811.55200351948,4339.94518280251,NaN,NaN,NaN,NaN,NaN,NaN,NaN,-0.622476744971265,2.83397596804032,-14.2001258930509,2.72892622161608,3.37127260243667,1.78482616167843,-0.257490869790392,0.733331559853522,0.888383165503156,0.878197964714883,-0.0187584336640736,0.652079790814357,0.0956349378697728,0.488130315630958,-0.273996168357991,0.374786182731499,-0.00422166515224644,0.385907805875961,0.180443654144282,0.309944216612349,-0.253780309873562,0.27372131648677,0.0117424795722595,0.270142879193668,0.0492857707044795,0.242351700032413,-0.0325290685677283,0.218963313907443,-0.000811818474670865,0.556558794467878,-0.000688380190287655,0.700150640831327,-4.78262025527278e-05,0.443737542106361,0.000349462027580769,0.256839653979019,-0.000248319487219627,0.237765600883129,-0.000316491269111104,0.196438492109517,-7.6461705294554e-05,0.165321944517975,0.000136228932404741,0.145745555874968,-0.00016996932713254,0.147686620993664,-0.000127176563658323,0.137322850261815,0.000366994550130605,0.124579730489669,0.00036816931931163,0.12182918183086,0.000216211391365733,0.108147579144765,8.12978047469641e-05,0.108418125981573,1.71837850404528e-05,0.548151843130182,2.14075403520285e-05,0.601510164136841,0.00020481852694975,0.353075639702435,0.000220287726649991,0.279614577281119,-3.44527846535294e-05,0.23383132941804,0.000127058130196282,0.203148849180684,7.0950260924109e-05,0.177265873336183,8.73003752130827e-05,0.159642492488283,7.40649880249779e-05,0.155592066120755,0.000156189039003485,0.152104689770446,1.69284946770759e-05,0.14400198019705
1034-121119-0005,1034,121119,0005,unknown,1034,0.350970240293964,0.106989195782864,1.05953432537152,5.16852048814527,0.282621679255466,0.334016021252456,0.401711688147255,0.608632058497505,0.169170140676426,-0.14889232089862,2.83317276097418,0.496990740740741,0.607407407407407,0.717592592592593,-2.04078447262552,5.34799379887936,0.115411257010141,3.46281873676178,-5.3732857396516,-1.83435348216129,0.889811036074595,12.1727581947438,6.76609674090636,0.391422530321253,2.98726378260796,7.23206219879672,11.131588868668,16.3967579695591,7.55823728952141,6.0515508849449,0.581321606669713,2.63421463452933,1.84020821133666,7.03255849283626,11.8444349193689,0.0148876460402445,0.00492775137356758,1.23505144192364,6.78072247021543,0.0125156445556946,0.0150187734668335,0.0175219023779725,2.54202159978281,0.532044664030275,1.52771866693431,5.65181421205834,2.1773628775427,2.39525392546679,2.75874992289941,1.59180414985723,1.32157052259035,0.570403705242317,2.45496468348612,0.300713118224116,1.4764682492061,2.54647022001074,3901.33383230833,550.3876855153,0.0386436037503246,1.95023782838619,3436.53736283802,3927.46323441769,4355.46902852125,NaN,NaN,NaN,NaN,NaN,NaN,NaN,-0.112646948217471,2.36576867543335,-13.498743579023,2.52101269260261,3.55388276610497,1.57499634421533,-0.418588260144048,0.767829243459602,0.965619136028577,0.869122655535071,-0.0753062663060543,0.587107851336288,0.0977139777056836,0.439736016204863,-0.181804907953383,0.341456202259302,-0.00499658914743939,0.347099230240005,0.168822294085079,0.293170448694781,-0.260141732084062,0.279225735560985,0.0480936962991666,0.266637296020738,0.0559654368035895,0.264460715894614,-0.0560055318165203,0.248344739286125,0.000993445821717222,0.565373384872929,0.00234878361376166,0.759110549246799,-0.00105845735171963,0.424915650160296,-0.000655510048893273,0.280785464379605,0.000175423121087162,0.255572338846638,-0.000425697598879544,0.201527007670808,2.07735323917715e-06,0.160091602611453,-0.000305576459890233,0.150148783147833,0.00012549901226161,0.15699506583143,-8.37630608799259e-05,0.135262191951603,0.000152359005439542,0.129166947180496,0.000159068312896577,0.122326429544603,4.02696734151119e-05,0.115856043300018,-0.000274935145136918,0.108279962356583,9.59133204373298e-05,0.551198950347984,7.79925571449371e-05,0.607259993642447,-0.000119439455540583,0.350232088136631,-4.12693610244477e-05,0.288069610065509,0.000105664421161513,0.243162117458915,-4.50033847875968e-05,0.203845752607789,-1.70575759929229e-05,0.165174808989593,-3.57731865384362e-05,0.157906002514227,-6.1209417846156e-05,0.161456174821542,1.04500004520454e-05,0.149081871243897,1.44491076711295e-05,0.141709261894993
1034-121119-0006,1034,121119,0006,unknown,1034,0.367394159822252,0.121646845852317,0.936544147095292,4.44045046373965,0.281419202014195,0.349447022429043,0.428975020343609,0.591889218833836,0.172540815653298,0.0353304047445049,2.62449409486526,0.470238095238095,0.59297052154195,0.719444444444445,-0.794400952656573,6.9174323300063,0.778049260375778,5.0468602296523,-4.72263103834621,-1.49765946839793,2.50291217750979,9.2866633618656,6.97482108076871,0.192199541972081,3.86238423123149,5.20473108207057,8.47134004133125,13.3185810970717,5.29021009633337,4.83933977187509,0.713651991506906,2.65367927681925,0.708239321831204,4.11772704557481,8.94517622146715,0.0163412150492775,0.00581695131505739,1.02560099904354,4.46715824778373,0.0125156445556946,0.0150187734668335,0.0187734668335419,2.55003607540614,0.526934217752076,1.62292810981763,6.72681716720495,2.20840875704687,2.42159542813904,2.75021804633532,1.10299667148835,1.04207079130178,0.869222379484073,3.29559270234145,0.129499316924606,0.889072067517059,1.8255520370373,3897.85789375627,624.067935757433,0.262206131401795,1.9805971229476,3330.97052070363,3892.55282150762,4390.35014629891,NaN,NaN,NaN,NaN,NaN,NaN,NaN,-0.798109983554829,2.66239852008843,-14.7175467758684,2.53052982492059,3.3491444312988,1.57929697211581,-0.249751319794847,0.733212776426588,1.12253379562722,1.02776463682737,0.0816842907442776,0.549053626436877,0.177775636916247,0.443850287274222,-0.169428116153976,0.476608623574225,0.00731648424044647,0.368901755528327,0.191725126678945,0.3161812220803,-0.270627149791296,0.291390959030191,0.0181370053128908,0.28376275088201,-0.00624479078611242,0.250475379754988,-0.0546163836759824,0.216570900311895,0.000266020468525325,0.540141316252793,0.00105408903524215,0.690396011644402,0.00047014953479754,0.411147092253258,-0.000470509877603572,0.266631376962135,-3.80977050712669e-05,0.259183814121122,-0.0001280900646866,0.197405958029771,9.98631286850989e-05,0.155392130688022,-0.000142619684331614,0.14786541380084,0.000139873635895376,0.147683436054642,0.000372448687900937,0.132957663342732,-0.000138551461089111,0.127635801631495,5.03077633428619e-05,0.124622333566147,-5.89094551243176e-05,0.116967625475384,-0.000176533889880933,0.101162005708222,3.80816486596845e-05,0.47305296872096,0.000175649430406961,0.561733441638702,5.74899422368195e-05,0.361504345567131,-0.000205668368573612,0.28702131955807,-0.00013877768195158,0.250888398507817,0.000100733916215118,0.206736335885512,-4.97351118365879e-05,0.165597458968035,-0.000141612214669344,0.15942244378938,-1.44948767309276e-05,0.150300138268619,7.35975901894543e-05,0.152699719141927,9.61021161348731e-05,0.145788236296828
1034-121119-0007,1034,121119,0007,unknown,1034,0.353901184328506,0.116875147080281,1.10757438027115,5.45140930936361,0.278639682742033,0.338231025498764,0.404626851092081,0.611155096944116,0.185301875426773,-0.0177610335350622,2.67346895896998,0.484157986111111,0.607142857142857,0.7451171875,-1.92430094199333,6.24503704974014,0.248604715974645,3.74978376201323,-5.84795600813467,-2.04107373712176,1.96228903517489,12.2474993718856,7.18312246608785,0.560190738518986,3.39656298000462,7.20094164379039,11.0749267219935,16.2107418049591,4.51630236147782,4.01099268173,0.753450544682302,2.87820328444161,0.745547255430493,3.85044333717473,7.45313910989269,0.0164188752424047,0.00618702344841242,1.57449646729732,7.47407125688152,0.0125156445556946,0.0150187734668335,0.0187734668335419,2.59804287238402,0.553898289836491,1.50730725422454,6.09659764139809,2.22791631757118,2.44536153437649,2.83080349670767,0.964818415629804,0.871182382852954,0.726605273586873,2.73404399759372,0.13069027575959,0.837228512470058,1.59068186425297,3853.15474993928,594.077303593217,0.236218423452648,1.89855705925206,3295.42840019857,3842.65171807199,4339.78147346594,NaN,NaN,NaN,NaN,NaN,NaN,NaN,-0.917228914858965,2.46970206408979,-14.5377206078038,2.49676989850365,3.52411835238688,1.51567503516416,-0.476350481535432,0.827233359343581,0.973153886305746,0.898038084198679,-0.00444363746993409,0.554956562714666,0.0702956239754172,0.41779984119588,-0.185750756248565,0.407588776849286,-0.0530530519567771,0.375836221672649,0.215428251378652,0.314333792860171,-0.188188618530185,0.269395555184506,-0.0330290252746304,0.268352696712656,-0.0362870609730529,0.24767731902809,-0.0632562789406789,0.22023564378665,-0.00055508627395049,0.584992278871836,-0.00107454873911878,0.759478136576985,-0.00010370426307667,0.429568533930315,0.000101093281234223,0.278876946923979,0.000128124243562699,0.249459805949592,0.000229694788180659,0.205513905275286,-9.13524167526917e-05,0.164890739061485,0.000172616648324375,0.156148505440304,0.000245001075976881,0.150375765422472,3.9224206002209e-05,0.135142780747446,-0.000104771837693467,0.138256256331295,-0.000267653884835853,0.120461338203907,-8.58505680308883e-05,0.119802234297327,-0.000103240225189656,0.102279320784499,0.000395616319587101,0.518462410881971,0.000105818920583303,0.616216059796642,-2.26142156857694e-06,0.357043734674259,-6.66873679669797e-05,0.281073589733565,6.96567438866397e-05,0.238266347992769,1.57196979843816e-05,0.209463554844326,3.90106771544553e-05,0.169853699633145,2.27083208213906e-05,0.158123689848484,-0.000115410815830192,0.150298313043516,-1.54743449430123e-05,0.145822963189092,-8.19173664501126e-05,0.155437643234244
1034-121119-0008,1034,121119,0008,unknown,1034,0.361717185996327,0.120178230470611,1.03519127428475,5.51359228964273,0.285366950856749,0.344605927056684,0.418965962523401,0.624890636325388,0.18674508460935,-0.0699405423634971,2.25309040994669,0.483021653543307,0.619422572178478,0.766404199475066,-1.19984929819458,6.86069030836263,0.51942606726501,4.14454642337427,-5.45860276540207,-1.81815671917015,2.71101050799539,11.6496997756971,7.91732387083171,-0.0210862511310247,4.15801839720957,6.88273026687749,10.8769150840309,16.4395065873554,3.87485951789677,3.6152320467011,0.701302182448414,2.30082294735591,0.546221754275402,2.72180151212511,6.63939392163379,0.0159886112620856,0.00571317837955475,1.59633941089636,7.53655102158975,0.0125156445556946,0.0150187734668335,0.0175219023779725,2.58851753664401,0.547386267646729,1.69348808587005,6.73515209115253,2.23043632631092,2.44773183679844,2.7935357375296,0.819206887480165,0.794358406452009,0.803672793721962,2.5359187958764,0.10565860153817,0.516957183704764,1.37379123863774,3806.53208909201,593.822114787371,0.385799784574527,1.97222828970131,3261.25817416632,3699.70855985201,4292.24201780111,NaN,NaN,NaN,NaN,NaN,NaN,NaN,-1.16253574290178,2.55018678995539,-14.8314556765251,2.54106747488266,3.35298156816221,1.63941041467451,-0.28956114366286,0.84075467011571,0.874717260237823,0.897402109519828,-0.046190829011864,0.593047031268195,0.102595800689188,0.418661804845333,-0.168140766652064,0.373047142377816,0.022339747294977,0.357799310469606,0.201318998823825,0.301044179923424,-0.216009680749498,0.280312893011527,0.00689444136454472,0.260321357463322,0.0226570884882222,0.237004308646993,-0.0706200823887457,0.227862217995104,0.000890354247849399,0.565352544626819,0.00121310458357306,0.72416097092583,0.000159805379023283,0.442798763475112,-0.000200867039986774,0.288187087019986,0.000230495245110967,0.254153320964826,-8.42962867860262e-05,0.202593220710176,4.43881748760233e-05,0.158290938576118,0.000108543385883183,0.152057125527373,-0.000219332187808751,0.15723558166215,-4.77477900918107e-05,0.136268694565715,-8.09103235529594e-05,0.135795410210008,-0.000116826530662169,0.120893321958944,-0.000234886979546492,0.116470258983154,8.74592148075855e-05,0.111521681875542,-7.10142172440004e-06,0.519967894855407,-0.000197568484247031,0.572429713920148,-0.000218933511193592,0.373695584689922,-6.31787752330133e-05,0.289601415659685,2.03273065580511e-05,0.23661446916696,-1.01121032313459e-05,0.202177656908603,2.34447769882397e-05,0.165886442598058,-1.09439341114728e-05,0.163653003863103,-7.34972853677423e-06,0.162818770217464,7.14791761686007e-05,0.151920912662568,-2.32576905286273e-05,0.153922967043165
1034-121119-0009,1034,121119,0009,unknown,1034,0.371004654807773,0.139150944484762,1.23652420239336,5.23065583382773,0.278700709192975,0.335488665976686,0.434765715881071,0.614931253387888,0.18967454320731,-0.120217334664941,2.33256929650552,0.458471074380165,0.639118457300275,0.758780991735537,-1.82369877715514,6.04715831289384,0.157469732988421,2.48392747342549,-6.07518588701017,-2.14023669985061,2.19807509464066,11.2563528360906,7.21156093807808,0.22513830115166,2.83772884386339,6.7734126090991,10.4141170747012,15.7511197304306,4.13881862193142,3.791316360108,0.513543129291342,1.8491267740099,0.462422932295121,2.94067012890971,7.69898119106078,0.0165549897660885,0.00591594443121212,0.930779718283562,4.66150151786287,0.0125156445556946,0.016270337922403,0.0190863579474343,2.69596601514441,0.561355623240833,1.52828995616287,7.04078619637644,2.29979847633213,2.5414977452501,2.95112007677942,0.914756441010043,0.863301546313566,0.616266417422234,2.04315484379016,0.105465279033775,0.643305947537934,1.55908548319954,3759.08543807591,592.587170615622,0.690251081256272,2.49790434384955,3241.84128119559,3614.3909051431,4177.16516446672,NaN,NaN,NaN,NaN,NaN,NaN,NaN,-0.992344549058631,2.38976420019434,-14.794201878805,2.38914143743044,3.18733696303332,1.6215227320619,-0.108963642738829,0.673872857652361,0.884894982459723,0.986477160524446,0.298931861903658,0.456247479958699,0.225967720562643,0.397543640605846,-0.290231233881449,0.394060172986761,0.0500249674110526,0.372623436995025,0.119230251212051,0.310014300087482,-0.255644617910262,0.281631157570585,-0.0544483431801289,0.293025416528742,-0.0546494700035458,0.287528279191708,-0.0253948596552377,0.219083021920402,-0.00143437304295724,0.660248048278222,-0.0023802641702621,0.863722667856399,-0.0010478605025512,0.476736319298778,0.00034091804866337,0.261929789329598,7.40221773662912e-05,0.255977021492157,0.000819330167473149,0.215251258797591,-0.000160074966416094,0.163381647451131,-0.000379174837804516,0.159760676158343,-0.000206728701136731,0.155097302810179,-0.000419883651494248,0.133282641540061,-0.000103841282016305,0.123324279136628,0.000710632379012792,0.134610179666515,0.000353557088178978,0.131579348595038,0.000171940891697252,0.114786171259868,0.000247327451329695,0.586479328323358,-0.000378601001312172,0.668305081879917,-0.000266427176068228,0.384110057557633,-0.00029688381064044,0.263237556857297,0.000561356854771192,0.203612990685187,0.000694562819132597,0.221121727766797,-0.000194762364272243,0.167715180684933,-0.00020714546513255,0.169512524755811,-0.000351338403156538,0.156181518956327,1.02775993849081e-05,0.151325418717256,0.000546055972414313,0.142813854778073
1034-121119-0010,1034,121119,0010,unknown,1034,0.376280110648915,0.132664237311372,1.29685687621394,5.68797413298589,0.289745288344991,0.362136774654983,0.433098537351542,0.593078554623124,0.179233652018549,0.0516666553681892,2.88028294633367,0.467592592592593,0.591666666666667,0.711805555555556,-1.90374124601856,6.99969216512177,0.571885566409196,3.32513541482787,-6.77581782949692,-2.79859808677767,2.26829399262416,11.4133831556825,7.51303851648779,0.0815978896492888,3.32257029558613,6.75626146062602,11.0127575811229,15.7483191822882,4.93802493942006,4.08395008645558,0.530282741336429,2.17239281732886,1.14580063537886,4.19733484746635,7.97963834716216,0.0173783627925249,0.0076250858041309,1.24631755932674,5.49015190766544,0.0125156445556946,0.016270337922403,0.0200250312891114,2.606723996442,0.577829660111417,1.36306216420788,5.00358986097036,2.20727623710979,2.47014255272877,2.84799947330498,1.05050103191969,0.945140816816122,0.743898599471613,2.6952675800224,0.187544418865617,0.780282861700417,1.76577228364638,3885.10549693283,601.670647998123,0.330480794300911,2.05906339548816,3391.48669134408,3796.21570322158,4350.96236463126,NaN,NaN,NaN,NaN,NaN,NaN,NaN,-0.690560409460806,2.39853606610906,-14.4907218953429,2.42711860899859,3.26891937596928,1.60171900152381,-0.39880155703157,0.852829178883398,1.11282472498801,1.02053360648461,0.135596133950831,0.533708041950887,0.121421139560133,0.43086076412377,-0.123729248626241,0.378699553541916,0.0373915784674964,0.351377872488357,0.129335675871818,0.310850876496506,-0.217981655474785,0.290469625171285,0.0589200421643787,0.287783227701315,0.0666598830458701,0.276434123202006,-0.0715451745378411,0.234300963076471,-0.000182224303538677,0.635677194748378,-0.000553259376363175,0.730449219049147,0.00135686469770714,0.480114191765669,-0.000596399764719076,0.291980946405941,-0.00173276434713708,0.300813148015651,0.000572471647881415,0.222636018017893,-8.86545260349284e-05,0.180490663144953,0.000149556078121446,0.16760235980704,0.000598493229301092,0.161368221131614,0.00054644801863245,0.144651643729165,3.71317680479722e-05,0.130301262634677,-0.000549798234259894,0.129586798215546,-0.000147296464815195,0.133107834646597,0.000173576347293575,0.108252046763308,0.000569008322873341,0.565405840369914,0.000683042440320619,0.585982630450325,9.80015723517085e-05,0.398970624606202,-7.92923068487296e-05,0.294043110030505,0.000250551013578786,0.279709520727343,0.000144867875220286,0.239805284542392,-5.01136075903422e-05,0.192366157838873,-0.000152223237876038,0.163402517222075,0.000226056861134494,0.164235870502028,0.000217678687454754,0.156684475726597,-0.000329724662528551,0.145991827920424
1034-121119-0011,1034,121119,0011,unknown,1034,0.413272788738625,0.13716789820244,1.04442357349014,4.85367441633887,0.317804080664256,0.391902011655021,0.48528222656943,0.608054949907945,0.185529657104461,0.224142410958936,2.58195683456123,0.480932203389831,0.584745762711864,0.73638014527845,-1.83882413220271,7.32069610480256,0.276052556195979,3.05552685907225,-6.91303007370924,-1.72531059580273,2.64377784537441,10.6291163050426,8.4841262644635,-0.0914382363827441,3.20657344195854,5.55631836292233,10.2837728778078,16.3601988638993,4.83877790148878,4.9057792718622,1.13741157856751,4.14499684903046,0.4934962633025,3.14028314814656,8.18232246334932,0.015884885649159,0.00599491712795778,1.10077281228844,5.19739949964804,0.0125156445556946,0.0150187734668335,0.0187734668335419,2.5593000138314,0.554573266546935,1.59542396423365,6.41097488177002,2.17860406923414,2.42402183074707,2.78497046095832,1.01315056405031,1.11890968150758,1.60477097972627,6.98288411452267,0.0897580266854567,0.603297590027498,1.66271298373174,3829.08585848771,631.290335734302,0.379574731604729,2.04894970320984,3217.05638443084,3787.72554848728,4334.25602679088,NaN,NaN,NaN,NaN,NaN,NaN,NaN,-1.23004597673303,2.95983470790905,-15.2335746739077,2.87703902341254,3.29108571226571,1.4167974035974,-0.1962957771195,0.685556395210194,1.0240448571108,1.04988767441878,0.0572971798698947,0.599097208354598,0.100568806405852,0.415947089746646,-0.0631021669159731,0.458243143377957,0.0263664122134516,0.365085032596598,0.132971421840172,0.287815719022175,-0.19581769767751,0.28944249308789,-0.00612857151719856,0.277038937454839,0.0469620196546635,0.237254754348449,-0.0884965614171836,0.233762167981063,-0.000117726711858352,0.58110529432152,-0.0002272790303211,0.737635469106774,-0.000218117753726753,0.391479861447694,-7.5693088172673e-05,0.257827974546031,0.000369383835062373,0.257490582893596,0.00018882942190498,0.207897678922231,-0.000196170173397787,0.156288831972448,0.00017285614007501,0.151938847545014,0.000442836337953352,0.150024544646265,2.68760832524764e-05,0.136410133482475,-0.000325911040773327,0.131165032226346,-0.000228359478802854,0.120137317419227,-7.63113246218689e-05,0.119045183604203,-0.000164761538501196,0.108641565145934,0.000191561285800642,0.552306538687792,0.000131343072191121,0.611156770998118,-6.21810277306199e-05,0.351807593719776,0.000115703517416385,0.267139814900841,0.000165748322758528,0.242318484071808,-1.50742633066477e-05,0.214390562179244,0.000165614216142014,0.167836374704451,0.000164450645545346,0.158538368858817,3.79071399705407e-05,0.154701136035522,-8.50041938298687e-05,0.158150017653285,-0.000131397752579341,0.14817540092221
1034-121119-0012,1034,121119,0012,unknown,1034,0.378427534021084,0.103801728749645,1.07281326084637,5.45375882042443,0.309261883833459,0.364773532067737,0.427085834053654,0.620677150903395,0.183912975119659,0.0499033978629379,2.57600377586775,0.5,0.608241758241758,0.743589743589744,-2.87340032688094,6.09495007840097,0.208414982811304,2.70276632882687,-7.09100269428756,-3.38814697814805,0.955282745149507,12.9255093629449,7.01620683499742,0.011413403402129,2.84603860303663,8.467079125686,12.794031608303,17.7620302078412,4.22574017875169,3.61127379008576,0.633990521966829,2.35820772027959,0.851056361785253,3.21574405622156,7.13040866694858,0.0146995825318561,0.00406587932511259,0.396929010511743,3.89721515436624,0.0125156445556946,0.0150187734668335,0.0175219023779725,2.56000222304303,0.530041283852703,1.54887430487209,5.85388203514321,2.21320778133353,2.41384397866692,2.76399789448623,0.84624295440101,0.765001485344522,0.80857080288938,2.86480141125956,0.153943824868876,0.632592929042485,1.43021379124609,3842.86629215256,567.424149169615,0.375276351715365,1.99829293972946,3316.87710947501,3734.84972846727,4311.48854169843,NaN,NaN,NaN,NaN,NaN,NaN,NaN,-1.05936896219732,2.18682640190883,-14.6158500404758,2.21426768518026,2.87644031281922,1.89115373972835,-0.264159857072758,0.720729774585558,1.13497823770094,0.902127707263362,0.159975983353978,0.479828585611617,0.0988490450877709,0.375413077386021,-0.231505605873475,0.36446834377379,0.020956492981968,0.356108390454032,0.182571504236446,0.261460927112526,-0.265381666155799,0.315377607553738,0.0138183063044004,0.302669745382973,0.0312152382612465,0.262590969111853,-0.10316247109012,0.233326440893905,0.000388004254332552,0.559300402662136,-3.49284635331025e-05,0.736624830387998,0.000280543815380386,0.542795772299726,-0.000137462535237083,0.30132822252273,-0.000913925500967154,0.26574557323808,-3.30469717215674e-05,0.208268582488312,0.000852696840516445,0.165700519174176,-7.88144267291539e-06,0.145913506748222,-0.000789193803428117,0.152365916701898,-0.000442716942210064,0.123970322864409,0.000621098541129407,0.131817163546544,0.000411954952881831,0.127169432318822,-0.00066058197871153,0.12842699584705,0.000446321571592541,0.107730223550404,0.000345140083433793,0.504288734585502,5.2061132739211e-05,0.589538155494331,-0.000276573269518201,0.392668192436639,-0.000184382202071098,0.30051386055939,-0.000197726486668011,0.231789861549454,0.000141186536132188,0.216455516934194,0.000287890076041763,0.172848684329986,0.000219911909970566,0.159519098271068,0.000179807767693007,0.157132462100374,1.10633644045376e-05,0.14104856594622,0.000207954441814495,0.142459068695813
1034-121119-0013,1034,121119,0013,unknown,1034,0.376753932496378,0.127834871279839,1.15452587254345,5.97512657802323,0.296083709522112,0.362173132473858,0.439374472385838,0.596613035101516,0.185640285615303,0.177687196940215,2.64634955755552,0.461065197428834,0.596556473829201,0.711924439197166,-2.82064697213454,5.90134872575421,0.0712992452500445,2.82196333679239,-6.82632677305459,-2.6417067139442,1.30070648226911,11.5105758858166,6.72790320173242,0.562098812753549,3.12340142181606,6.81290303785742,10.5377013379872,15.8599428626071,3.91375309989016,3.86589024448773,0.823002045637591,2.53193200148815,0.471541021056115,2.32193713371429,6.88912968312965,0.0168373218200604,0.00655256381215805,1.47817701003184,6.87609455397568,0.0125156445556946,0.0150187734668335,0.0200250312891114,2.55916403318854,0.52099782128596,1.3513917521296,5.59400843983991,2.1867451717265,2.44161017763905,2.80342747950507,0.817739817466201,0.853246904424258,1.06581797278391,3.44341797095101,0.0836986913384347,0.463319229881074,1.39342108228756,3850.23096222921,606.908120789352,0.320805425812373,2.01862271916575,3276.92723948292,3804.44028390455,4336.34612546238,NaN,NaN,NaN,NaN,NaN,NaN,NaN,-1.16958679816803,2.46602072640116,-15.0012749686224,2.51241592161237,3.27176382941145,1.57691458564613,-0.357419819482284,0.747101968405777,0.903658296056831,0.963734571570151,0.171864760660399,0.517718864349135,0.128806222321316,0.471451368471028,-0.0860432123035753,0.442379635500241,0.0693060937178686,0.337878835382912,0.136899014669593,0.295032540048436,-0.220881784081697,0.318535427738891,-0.00948340448539441,0.264723457597636,0.0747405417981148,0.238951823074327,-0.129457661820515,0.221060573448353,0.000751833461692273,0.584384316793996,0.00164577350969901,0.802746174403166,-0.000241786562573686,0.403346602813027,0.000418081045614064,0.272599244478617,0.000384328180577467,0.257329048689374,-0.000900007631365807,0.203680654810895,0.000216105949657209,0.170526556827314,0.000103754259294552,0.164221450809046,0.000162593885539103,0.153457038941037,-0.000326997090498328,0.134608697647113,-0.000261469497743597,0.125364441003424,0.000465510286325028,0.124257260993609,0.000289965360391061,0.127334847158919,-9.6161967021316e-05,0.114859950690451,9.9860514227901e-05,0.570478366014752,-0.000113914792718315,0.655073256628074,-3.39948187768439e-05,0.356455551254214,-7.55485755484181e-05,0.27545120003026,-0.00013341174625551,0.228781449386836,-0.000101840009986451,0.200688721524884,3.43419747557278e-05,0.17289560372609,1.05061001664969e-05,0.174982001513372,-2.3094689469509e-05,0.165810746166373,4.17396059861416e-05,0.15033824850833,-3.2790388751977e-05,0.143905316293386
1034-121119-0014,1034,121119,0014,unknown,1034,0.386700681767258,0.148814632365052,1.44455652889159,6.55243685849096,0.288187313826591,0.359572733565902,0.450874514830607,0.59560637223291,0.186971019714784,0.111845256509543,2.34132538972548,0.452847805788982,0.572829131652661,0.750700280112045,-1.43933482441656,7.54554767602724,0.607153536232373,4.25768199637756,-6.57056980506558,-1.66516666826979,2.7630366589733,12.6313208115111,8.23100977346416,0.303542320602074,2.9215937773517,6.8283641859756,11.6081362629471,17.8565788412762,7.1634939152081,7.19703563459426,0.968967831354311,3.40302797340273,0.472237588756315,4.916930276327,12.2603489553147,0.0164846899276542,0.00640745026616711,1.04668003824582,4.84324622140115,0.0125156445556946,0.0150187734668335,0.0200250312891114,2.55276539296078,0.570863952982211,1.73891585330823,7.38856484031593,2.17170060798296,2.4009272873238,2.76132759137364,1.56501045095955,1.67567356556728,1.20690355450085,4.42299399117929,0.0851861256331152,1.04571783783789,2.65165370744782,3794.25409312848,603.195738453619,0.323727559744355,1.97019171272257,3238.81278737929,3717.91823274944,4287.78452292318,NaN,NaN,NaN,NaN,NaN,NaN,NaN,-0.725060988122955,3.20398540239862,-14.1479191945112,3.17353733434838,3.38300856723912,1.5805190573801,-0.339095954369656,0.738671764927025,0.663506439929399,0.792729108476429,0.0376370175080679,0.64033504938087,0.14332060726564,0.427428100212726,-0.166551689334801,0.402679170353636,0.0172920461440368,0.352697987664534,0.192478696324533,0.288557003273213,-0.215244055387531,0.298998008043511,-0.00946971963019133,0.283366056709383,0.0238271358142724,0.24424439342396,-0.0607999683033082,0.236337789418965,-0.000627821556096435,0.598406974844752,-0.00110973111357251,0.737416424640771,0.000117931662477041,0.414654229775211,0.000660384708373257,0.273581141956472,-0.000304662519792657,0.232122599469266,0.000558245457171511,0.201398537347428,6.94855084436748e-05,0.163546203066823,0.00040870898682545,0.150864716652835,0.000147038260148917,0.155234940507742,-0.000233844421777933,0.136495590231694,0.000175625347376661,0.128230053443743,0.000189145019784017,0.12861726271894,6.48927452249365e-05,0.121799847795725,-5.30076247207295e-05,0.112048272862369,-4.88395920563499e-05,0.571885484350019,-3.13055528712616e-05,0.582625657320619,-0.000112457463769704,0.350305482860911,-6.86908009331818e-06,0.270693067814843,2.85086265073107e-05,0.21816478771186,2.09773793088933e-05,0.20878487994681,-3.83440225476148e-05,0.171620535585217,4.1677826301633e-06,0.156588129226525,-1.06133348452549e-05,0.159334016266126,-2.19175151904727e-05,0.155501341372885,0.000141631537487237,0.147866867891334
1034-121119-0015,1034,121119,0015,unknown,1034,0.407266689812341,0.140609107692935,1.28771932669669,6.44170455005163,0.308204860928593,0.388904014074493,0.478995085458086,0.602835446202736,0.196597136542913,0.108787870736083,2.29126439142395,0.449171539961014,0.588815789473684,0.763157894736842,-0.282126920790982,7.78930722977401,0.198940287711837,3.34779450381819,-4.99538151438532,-0.554790201946241,4.32286890476713,10.1347199285281,8.52044419959234,0.105683437570569,3.54606835022237,5.14993562788331,9.80657334711008,15.0016349251226,8.72378307523368,7.67969082026041,0.44101486142209,2.17232663764579,0.66028223495205,8.45711372296299,15.2499306036214,0.0170669406509982,0.00641190677508614,0.926489721066711,4.37507839899613,0.0125156445556946,0.016270337922403,0.0200250312891114,2.55570478726759,0.564256681564143,1.78833964654572,9.03682195181648,2.18617392635099,2.42075184228872,2.77673410400125,1.82220935936524,1.6774774203297,0.560495295052387,2.29878019334535,0.127947256769327,1.65153914049863,3.18476452354575,3859.32440664212,635.778529083029,0.258698475736687,1.98634819080783,3268.98526731875,3828.34542905242,4380.82634001466,NaN,NaN,NaN,NaN,NaN,NaN,NaN,-0.455655355089396,3.05850089513009,-13.8813396527343,2.88772985986223,3.11718033122547,1.56986938935914,-0.296948717111327,0.672521471465989,1.08749519100184,1.00573286160663,0.0776543038076715,0.530983746455897,0.176972592793314,0.436873736541571,-0.115410382243326,0.458258158166133,0.0135066842808525,0.386128991014181,0.18141785075135,0.31472663574915,-0.255077580549661,0.290406599817644,-0.0411892862917681,0.261179262293652,0.058457680311803,0.246703135582749,-0.0569846064099876,0.224280487933591,0.00107388182734827,0.534621871090012,0.00182797195068221,0.712011755285669,-6.11302238053714e-06,0.391482391319844,-0.000569315114570013,0.24252081178357,0.000463137157242354,0.239190349932588,-0.000238932625290925,0.197992715672744,-0.000203402549814166,0.159293482247375,-0.000144540366872803,0.148268084711086,-0.000173163562802635,0.150392177339813,0.000173804717032103,0.134616374489075,-0.000227649388971707,0.126807985423576,-1.74999026534847e-05,0.122988220930034,1.94857157731703e-06,0.113817486911032,-0.000153854197948748,0.108380593737364,3.80671060240443e-05,0.498948738572553,-9.18419704883186e-05,0.571725800734244,-2.40837346138906e-05,0.331186300853589,-7.07473681285871e-07,0.253198553179714,4.56952846450082e-05,0.227336394753059,4.53524464176408e-06,0.19568458474585,-9.37899253122627e-05,0.161406893990928,-8.47358345008484e-05,0.15625797518734,4.21004491478534e-06,0.154657591611515,0.000111950496055815,0.150932888557264,4.50144769111486e-06,0.145448539802607
1034-121119-0016,1034,121119,0016,unknown,1034,0.376720888459899,0.131388945292624,1.33376752780777,7.12330567423904,0.284316827223069,0.355896203983424,0.450639329286887,0.576442054158654,0.176506940373506,0.240051433018543,2.67696114255751,0.445717592592593,0.560416666666667,0.7015625,-1.96176667981228,7.42826244529187,0.432896128055567,3.99265762868946,-6.90111418779151,-1.88141249848612,2.23319776349154,11.5155106645115,8.10487623251165,0.287239618304042,3.02558048239834,5.94423339961084,10.8450867139998,16.833071106357,9.37843072034833,7.80199062237545,0.364119285378317,1.9468268196766,1.37193092545946,8.91601972928469,15.8918744284615,0.0173061433726701,0.00630570048489719,0.788525540532761,4.18452633330812,0.0125156445556946,0.016270337922403,0.0212765957446809,2.52478007004735,0.551319633390837,1.63455828915458,6.80788385488535,2.16216526910957,2.38990219968906,2.73874230616212,1.94741764613653,1.68344011099802,0.464700343286982,2.12938241191596,0.23584568676181,1.7627643288731,3.26451879521067,3864.28120118955,591.738977463414,0.15347044877484,1.9961884801047,3332.06805431557,3900.30087893242,4318.22866416119,NaN,NaN,NaN,NaN,NaN,NaN,NaN,-0.0891474090721983,2.86921869180504,-13.7296779982993,2.75338472015869,3.38997845720668,1.48221200099119,-0.249769601343079,0.651746413836129,1.00118642407463,0.975444614372923,0.123744157383531,0.538501634961405,0.225984060354119,0.447700133788383,-0.0939193039278284,0.418553973951406,-0.00809885641722478,0.367301440717704,0.146939675430821,0.314314424569903,-0.258236693278096,0.281545033604289,-0.036836531698217,0.29239788802211,0.00961286791832716,0.273215129137505,-0.0513428463651117,0.231416134594812,-0.00044751245817601,0.579700226046629,-0.000340613620699774,0.794502150197295,0.000133459208427801,0.396987484620429,2.15259761567444e-05,0.260178707545828,-0.000278334741717903,0.25142403613284,0.000138062917119173,0.204872577824213,4.95224630831329e-05,0.165890043991012,0.000117456765226329,0.154714027149341,2.42462336271794e-06,0.147892120849266,8.40846257634408e-05,0.140674738850919,8.06127349272462e-05,0.131789541293067,-0.00017830233965114,0.13058820843164,0.000133066523608693,0.132673003789928,2.17086983759382e-05,0.111873231835245,5.33648653499917e-05,0.541603818643406,-5.2503606052021e-05,0.670760882578501,-0.000121437453602275,0.38335067245268,-1.28927959493351e-05,0.280077400117006,3.50100355679428e-05,0.238551672160933,0.000112892821110135,0.211918067471985,3.15672570068617e-05,0.176545278190734,3.80254284609193e-05,0.168783752096245,-4.40801823377145e-05,0.155777318951928,-9.71339752290112e-05,0.158562719137634,3.78658148885608e-05,0.154471948530389
1034-121119-0017,1034,121119,0017,unknown,1034,0.425384691391009,0.131009013007544,0.415317041850977,3.42318022543292,0.33755104651755,0.419439393709516,0.503741445801289,0.565550185362269,0.177427624051059,0.411483431106627,2.8161119344843,0.4375,0.537298387096774,0.692204301075269,-2.5529100264506,7.1266117097121,0.325098132793971,3.10387998087147,-7.6956033868872,-2.51247880599184,1.89880498428747,12.2456437767448,7.51067745492689,-0.039388598963228,3.25624972648285,7.62177499894066,12.0969091050109,16.7251935522522,8.8871513208543,9.42472284479365,0.7549714462592,2.37983161513877,0.316419178324621,4.42820289163573,16.3209384780069,0.0145611928205054,0.00470766912737647,0.704652691201073,4.4934955961481,0.0112640801001252,0.0137672090112641,0.0175219023779725,2.45575010996461,0.534504115902138,1.50057826952219,6.02241307061263,2.09942793245714,2.34094421241376,2.68257885667753,1.7117176567531,1.8433831312478,0.780068236414674,2.46192504224625,0.0363586538125475,0.924629361592565,3.22385269594345,3715.46988455388,622.313628007954,0.383280096904124,1.86571607191098,3055.98009185231,3633.94369270906,4216.01263421346,NaN,NaN,NaN,NaN,NaN,NaN,NaN,-1.19164424473925,3.50246263666,-14.9499259408452,3.17559577568701,3.04855960083696,1.34050564450282,-0.086137917966228,0.645763334813073,1.10250309418058,1.0120445401634,0.100655995984141,0.523232739112855,0.0488695225190091,0.3514702270303,-0.0223250803269439,0.413435408139725,0.0471479658445226,0.30077938693566,0.115326339876267,0.266986292834974,-0.170761036717837,0.268507332819184,-0.0657985801893276,0.238824741096582,0.0539828809843218,0.202679638932667,-0.0293685510255647,0.209558084841981,-0.000830336492163132,0.538320613582591,-0.00231870393769612,0.720808405045769,-0.000372918830968999,0.377624984180161,0.000899865405831738,0.237108762441187,-0.000289114578736518,0.236640510133935,0.000134437611617427,0.198782005781576,0.000400918438556027,0.150788209279875,-0.000185192395781474,0.135726157974618,3.52528367696284e-05,0.141170254590778,-0.000219545105809596,0.123180657369175,0.000345271626383221,0.119976600234593,0.00076004518735471,0.114315309669305,-8.08203097980636e-06,0.112641187792211,7.32159974416349e-05,0.113207870327705,0.00053455169879961,0.510301717898979,-0.000210719064628888,0.592068647636624,-0.00027900119935797,0.345208489592636,0.00010874685429191,0.257372226379895,0.00016403343936817,0.234230017448498,-6.84947871478246e-05,0.206522164185185,-0.000113557714374036,0.158891396244065,0.000127508915317159,0.150201284305486,4.65227046849721e-06,0.153939843566785,-0.000132024646933118,0.14543661242736,-0.000159706972820892,0.141730525836176
1034-121119-0018,1034,121119,0018,unknown,1034,0.385169858465451,0.105912455894644,0.457385391946995,3.3506757366499,0.314599115604377,0.378098813669937,0.44846388309336,0.540607480589475,0.142403691376405,-0.167165291212063,2.77988430388718,0.434835271317829,0.561461794019934,0.651162790697674,-2.71792296413995,6.65642730304345,0.764589136147674,4.14924475529063,-6.77968119432627,-3.4069065439321,0.361964816271343,10.7107235646796,6.37855481367281,0.600893656329316,3.39092357841818,6.56999822933007,9.73035039449824,14.1416115451284,8.04126419001005,7.18147773396612,0.409368465592421,1.85319502018651,0.422382681678728,7.22239722890042,14.7490992003369,0.0152289845511023,0.00404405028205523,0.538902136252159,4.24996534298611,0.0125156445556946,0.0150187734668335,0.0175219023779725,2.4061548884083,0.537554189904515,1.54306581202672,6.08061082988755,2.04245860430213,2.23497315770061,2.64187971065955,1.45630805293924,1.35779643450176,0.619237990893176,2.39479003884967,0.0754579968504539,1.28424004086585,2.54787564458199,3798.94556381347,592.352570313251,0.111156510611349,1.75752636436165,3224.82752512214,3794.65046917025,4303.57826607581,NaN,NaN,NaN,NaN,NaN,NaN,NaN,-0.662620617096624,3.06105941347102,-14.9282695427436,2.54510071120989,3.37865760394449,1.36400032253546,0.00842954727684934,0.588855532386707,1.07259298328717,0.947190263467047,0.341944535702609,0.506858118517844,0.146594114596232,0.361542520822859,-0.0218882315672664,0.457145817732477,0.15229098874156,0.306535293451235,0.117981085227394,0.271674141630903,-0.178237170870003,0.277151505195961,-0.0642843631288372,0.233096441806382,-0.0117023877191502,0.224263616983501,-0.0461381834106069,0.189877520635913,-3.39161389170178e-06,0.542055632496275,0.000125839282791574,0.706918662416532,-0.000451520347437699,0.350567268536698,0.000313430935176911,0.24589128892406,0.000215356964524192,0.251877327969074,0.000508966997466791,0.192204830969566,-0.000102582326886655,0.173293834208639,-7.20277310593595e-05,0.156068478386839,7.03876165539274e-05,0.144900086299424,-1.5098505576846e-05,0.135356843790186,-0.000115263549749396,0.131146246576903,-0.000152874061331165,0.113854621242192,0.000347750922403242,0.120606074293075,0.000120421461331102,0.108131845764199,-9.72334625133634e-05,0.496773752118143,-0.000144735693893729,0.572425760426441,0.000288897746427397,0.314887136189744,3.51630615493958e-05,0.253161280965061,5.85554262822665e-06,0.240706552615523,-1.0336508502952e-05,0.200413121530366,-0.00028540303308459,0.179313267783375,0.000115779411762133,0.168596310573619,-0.000559057089610016,0.164677893366611,-0.000319812962910618,0.157723591340749,-0.000133831307260407,0.148021204230773
1034-121119-0019,1034,121119,0019,unknown,1034,0.373542320416279,0.122823332436256,1.19404776201227,6.55680525514577,0.292476132332227,0.359790383790072,0.437583167491483,0.585361060275064,0.185756579769524,0.223680571494409,2.40097027862901,0.44047619047619,0.573696145124717,0.724867724867725,-0.614806912206187,7.25120993595211,0.709634789697511,3.85590729740816,-5.69238366990339,-1.30559441016905,3.46325292300237,10.3317058780545,7.83430508855942,0.143589806166059,3.13809041406487,5.41135318099927,9.64077952124375,15.1105139609532,8.10148988517136,7.02963359018747,0.362086659474625,1.81980836187465,0.733946418851772,7.48182742529728,13.9756682055179,0.0157789160284893,0.00546761610793828,0.926493398563276,4.66304376889351,0.0125156445556946,0.0150187734668335,0.0187734668335419,2.48925901809441,0.558253265024949,1.60589605984575,6.32484284074141,2.12291698463965,2.34307469664601,2.72604039486855,1.5818916364233,1.43194901647477,0.55216371256161,2.27912630949031,0.139608171726743,1.46108444942991,2.71381701449532,3833.15505550294,623.700314044194,0.277343765134758,1.9623991867766,3272.59946302055,3766.33721932239,4332.6841296675,NaN,NaN,NaN,NaN,NaN,NaN,NaN,-0.498414562843921,2.91261931436942,-14.288150659318,2.72002759334416,3.26407499584296,1.61239931103933,-0.19633030252039,0.652422307082284,1.04775462361342,1.00580839447931,0.234712643966686,0.499579593019013,0.208689282151009,0.427749678693859,-0.0851790625425339,0.390184489568625,0.0226623687603207,0.368245252995416,0.15740933880411,0.296688815115267,-0.244388160628932,0.280867781769421,-0.0614550328382672,0.226764029698237,0.0492913425183663,0.227150147497338,-0.0789914107933994,0.22623611871444,-0.00137942936975395,0.578331539076574,-0.00109060217471814,0.710778011383392,0.000301547802609643,0.426352518710567,-0.000275163339671822,0.248902837823806,-0.000352802384562763,0.258832626468135,0.000227505380628963,0.188970079622619,-2.11614444504123e-05,0.158840552768276,0.000244852426418016,0.143439406591186,-0.000169316296389839,0.144682787632529,0.000116275166652637,0.133759884846217,0.00035425479361075,0.122414527869085,0.000234371142148434,0.113395083653427,-2.70247203320472e-05,0.117095742369108,-3.06552763555037e-05,0.103792489313749,1.99170298768158e-05,0.564944555990916,0.000125161805418149,0.566834672476255,2.37169783592072e-06,0.359266320914314,7.26268851947165e-05,0.254157910807201,2.46026327322006e-05,0.238898791211255,-0.00014565921014038,0.190769396162814,-7.52153869726304e-05,0.16795901313952,-3.42610588938226e-05,0.156969259506234,-0.000107650396916631,0.148826886883789,-0.000124792268096181,0.148847544636202,4.22720538683423e-05,0.137672539161451
1034-121119-0020,1034,121119,0020,unknown,1034,0.38844201983448,0.141426120884869,1.00016532306455,4.56844219136193,0.289613619185095,0.366066936228609,0.468448372032601,0.575623765546313,0.177616135854589,0.231183628558755,2.6198140660836,0.4384,0.567428571428571,0.7,-0.903518048345323,7.1599784663555,0.149960837149705,3.50977479362555,-5.46798540787897,-0.657644565780072,3.47222921270531,10.5830665724597,8.29529589450749,0.398829906379196,3.18593622743342,5.36875147697871,9.48348266350909,15.5412504317892,4.65804790134481,5.55717729229611,1.11090125864947,3.09532266800639,0.262299371878704,1.70860717703588,8.19407687677283,0.0158777608701525,0.00589137863470449,0.896892271969635,4.52854260405737,0.0125156445556946,0.0150187734668335,0.0187734668335419,2.46505294862553,0.511448103217025,1.73419036953401,7.99644106676218,2.1321176804219,2.34725142865149,2.68710296546665,0.924955896282113,1.14638952720518,1.2166082095635,3.50698807478965,0.0304393618133906,0.298178048995978,1.60565430526687,3705.57912975185,637.016072987223,0.586562133821691,2.03248142962566,3103.03583407216,3504.19847069588,4214.90876934542,NaN,NaN,NaN,NaN,NaN,NaN,NaN,-1.84738191330172,3.31867625907789,-15.6335950777486,3.01868209405729,3.04351660947933,1.58832435169901,-0.131425529076712,0.613596665801979,0.840816693658408,0.94299399930283,0.116479229943684,0.605079923779723,0.113534684965926,0.381034111295436,-0.0700721504030463,0.428992188696323,0.0499336187651105,0.315068713446274,0.147260103625916,0.255139477644375,-0.202425941972079,0.306777267686021,-0.0570391885784799,0.208598037171342,0.0775823411747927,0.237012219116325,-0.0557295461029321,0.224487723383102,-0.00138520732366548,0.51975918314439,-0.00216471370667428,0.595540006945101,-0.000543393659365524,0.359153461177184,0.000362840585716441,0.222516951073187,-0.000121242865829166,0.205998360589731,-0.000266877909927174,0.171012123264923,-0.000195899327079666,0.13704128691101,0.000294776378368061,0.134653711763442,0.000404345290847063,0.134659079711792,-0.000173562609960413,0.121910354890931,0.000165285770242472,0.120904773144562,0.000182530869134047,0.112637593837407,0.000195364788816254,0.115897475218354,0.000256850743340711,0.107229804159693,1.12131451112949e-05,0.46515210965797,-0.000163344951122701,0.461422878470092,-6.98398240180495e-05,0.313714133374121,-5.79636258215002e-05,0.227904700289194,-2.47403893994169e-05,0.197659849002772,1.22320114410743e-05,0.17492596769827,-3.81816224979904e-05,0.147693357641048,2.46286629880583e-05,0.150285366523022,5.38605874747607e-05,0.141685078381426,5.03617589700517e-05,0.142129636237432,0.000111827086827154,0.13823569490783
1034-121119-0021,1034,121119,0021,unknown,1034,0.378205314022362,0.133271338524838,1.38629077648929,5.50366323957541,0.284645867378766,0.342795958435681,0.43824970417485,0.595229083749756,0.155533167415235,-0.0988206830969531,2.9296397488051,0.483918128654971,0.606516290726817,0.704887218045113,-1.92471010256574,7.19607731502584,0.821317274371589,4.40493734977516,-6.43294131523987,-2.56081047913464,0.852035684800267,10.1935758322257,7.31770173008078,0.145312540915697,4.39127088181088,6.1629663307679,9.53662438482861,13.9801466209589,3.94131089820288,3.22378648279383,0.572161016239312,2.46539664438729,0.791824972381437,3.49611304976284,6.52124655766386,0.0169743429286609,0.00475682248896853,0.382008135463531,3.40051564989936,0.0137672090112641,0.016270337922403,0.0200250312891114,2.52551437810731,0.522404111372095,1.72043924419899,7.01704613296444,2.19207575773248,2.40849226740505,2.71666491701568,0.825123533395035,0.711319130370327,0.596939804233319,2.27715245312967,0.143506748218815,0.722983626231595,1.3769346274748,3810.01803494467,578.285112950571,0.501520469889964,2.28141376440431,3312.83538735332,3721.5400980976,4278.19788276733,NaN,NaN,NaN,NaN,NaN,NaN,NaN,-0.932874307847658,2.53695481897872,-14.6195689293351,2.54063899670584,3.26288917993,1.68224181106429,-0.135287828849401,0.827909530338774,0.704891333183338,0.7961983324074,0.158615420389514,0.506251370066707,0.120851927001779,0.446313958633024,-0.186507370952735,0.404100445034518,0.013270606517436,0.367752050120856,0.196999047270603,0.273185353595452,-0.188526940203637,0.249952380444148,0.0181842800923184,0.294472421118796,0.0677742424084566,0.273513530360324,-0.0679284297665247,0.194346457298411,0.00323924220260882,0.491446527763254,0.00405086050179103,0.591107740345737,0.00066324053016433,0.42604122157318,-0.0011446904898544,0.246193207891137,9.56293307778274e-05,0.203818319236489,-0.000473862734115654,0.187390614261879,0.000528820592055154,0.144300488136113,-0.00113260766300887,0.141238811401009,-0.00123222163768566,0.146918240053798,0.000979879602753871,0.134668463503569,0.000104718052595987,0.119080421666818,-0.000635635927884672,0.121842761485635,-0.00013341591474264,0.128026124002952,-0.000266495770602324,0.107324668546974,0.000309420246049257,0.412018780571679,0.000501147265503976,0.502058523829541,-0.000110571481102072,0.324438275453141,-0.000169039006328252,0.229326769842922,-0.000102027095602326,0.187113117063504,-0.000725487495823184,0.184827797911288,-0.000339308032961867,0.143080686212254,9.98126615699288e-05,0.140578879101595,-0.000161719360136184,0.151365639292378,-0.000122694906230757,0.151627047982508,0.000200315848648857,0.135507826743737
1034-121119-0022,1034,121119,0022,unknown,1034,0.504193063970304,0.152980516467431,0.349741109332815,2.95767941012709,0.393409634549382,0.4939734701809,0.602463844795565,0.622222172488497,0.182369737817862,0.0843964933897846,3.04827084099781,0.51001885902876,0.608910891089109,0.735148514851485,-2.27686719725955,7.69996348047939,0.336712225169795,2.8739845200967,-8.24232166090098,-2.1643174510708,2.98747049958709,11.8589452059244,7.971743112545,-0.59854044234448,3.99600468656354,7.92502072124523,12.6885692010998,16.9877924575428,1.83985219340868,2.23708932510899,1.58038123997617,4.48149880021702,0.243439787898469,0.931297966849004,2.28261378934108,0.0148936170212766,0.00502162746673986,1.22358525077682,7.94803472768795,0.0112640801001252,0.0150187734668335,0.0175219023779725,2.59358199592529,0.574984802234433,1.39473889797588,5.63111637911009,2.18362255088668,2.48209144965533,2.83704697886825,0.36382012526232,0.481265978454198,1.77921588023351,5.21399454406045,0.0262673829775019,0.198297044618741,0.440696021261791,3599.68419473242,534.092350133649,0.669831292656367,2.33189384234762,3090.47817797263,3465.16005694587,4004.26510101851,NaN,NaN,NaN,NaN,NaN,NaN,NaN,-2.61576618068457,2.79998212080494,-16.4536688814679,2.58102547417429,3.05174470087609,1.55906032223425,-0.19331810214882,0.721497723017997,0.633319759118416,0.538521013819673,0.113971440684591,0.424317152491545,0.259265519010783,0.442473037161332,-0.26594840356417,0.301588150394134,0.0345889998301185,0.351752828621084,0.213140088222795,0.288926313040162,-0.150395530313532,0.220520588620879,0.0388797921180506,0.228839244216002,0.00714111368747756,0.226586712547863,-0.0107618324096167,0.189241464739573,0.00409554809483711,0.525322668966102,0.00514752817693535,0.680517065751584,0.000996565699528924,0.410193555083506,-0.00253298622318067,0.264666429038311,-0.000394597809896422,0.215551865307258,-0.00101600063580522,0.186772442988632,0.00084897659329541,0.16225227737545,-0.000998534597764969,0.153035445757895,-0.00259474484364686,0.156934742496286,0.000791919304953428,0.144659681677058,-0.000288384771857644,0.116613093643318,-0.000966204075999641,0.12804699684994,-1.77837531320102e-05,0.123509974761175,-0.000741623001470269,0.105127861797371,0.000803740973363618,0.563191160279852,0.00113012472322416,0.548124335887906,-0.00046646283047891,0.328478889709508,-0.000792341996569333,0.238616237968056,6.99045216691432e-05,0.208555569260793,0.0005091969026218,0.197115047481152,9.56429713048013e-05,0.171242799064559,0.000332560879843952,0.179433651182243,0.000229460753592559,0.158088746334207,0.000549270183550688,0.162115855614552,0.0001323413834534,0.135049269557991
1034-121119-0023,1034,121119,0023,unknown,1034,0.395020393130906,0.145746292646915,0.936275245527161,4.45756749611692,0.289660359538642,0.369671430210745,0.476622910891147,0.58258960049031,0.186330546019148,0.0493632312527369,2.66217790215136,0.449579831932773,0.577430972388956,0.714285714285714,-1.89186541101693,6.69437352348248,0.364090734795757,3.38169087424736,-6.52522979740783,-1.96432190440527,2.32689444244927,11.1873533782865,7.67294811839611,-0.0370665941197862,3.5135388458789,6.30098167643359,10.8029430727622,16.0154323602135,3.54704218125775,3.98791150449143,1.13877572593271,3.45065251774164,0.256593900831086,1.62566050943806,6.33972882748871,0.0168516255234241,0.00674907634638392,1.26939948308815,5.51245749129783,0.0125156445556946,0.016270337922403,0.0200250312891114,2.60378036476455,0.580916364167874,1.854699337077,8.43596210026281,2.21658850030897,2.46388242948788,2.82063507177578,0.756843832926386,0.871367291236415,1.12843552267859,3.3848064557586,0.0379326246680785,0.347800890630854,1.35388735565417,3679.61647521167,579.810246721804,0.54438931159484,2.00079064572413,3113.86273345504,3519.05831988827,4192.02076831628,NaN,NaN,NaN,NaN,NaN,NaN,NaN,-1.92230341239457,3.13760471876239,-15.4587792827525,3.09752800737509,3.08115503791334,1.55437346352656,-0.280897132074197,0.687471805939456,0.703289841120199,0.829794330166734,0.0898407131602448,0.540524146900091,0.0501102112750863,0.435437594143996,-0.13385503483793,0.405745553701395,0.0630963648831837,0.327940933855652,0.121700281348402,0.301469002077313,-0.167244289426305,0.276913170605586,0.0188779442284452,0.245586203211436,0.0904313356786938,0.245080625873499,-0.0321282858958203,0.218059822830007,8.10835635938304e-05,0.55534564724682,-0.000182102994302998,0.633456633501569,-2.23477694718275e-05,0.370222102024025,0.000162712730254292,0.239603300976624,0.000174927004382041,0.219945271202892,0.000178079296871761,0.178593577062772,-0.000131494221421039,0.151338398035666,-8.04544109555645e-05,0.140785655804659,-0.000183987690673004,0.142201236010273,8.48973374681783e-06,0.128964926635741,-3.54537942228801e-05,0.131102595332803,-0.000143251584781192,0.118267620635929,-1.39992795852696e-05,0.120041791418425,0.00010249151336938,0.110732454784681,9.88948085449038e-05,0.52390801875225,-8.50567002554334e-06,0.495566416839593,-3.67207485244464e-05,0.324483150794616,0.000146725444872809,0.248679330701388,0.00013964557826206,0.220087857258139,0.00015622311676889,0.184539780532309,8.04735484740879e-05,0.16494577124223,8.12798871364815e-05,0.147345842376066,-3.15222279843802e-05,0.147978305367628,7.68722662594707e-05,0.145332714744796,3.47929662741179e-05,0.14578756152791
1034-121119-0024,1034,121119,0024,unknown,1034,0.370550275962875,0.133565028359584,1.12493165531873,4.66351282416525,0.281130777093462,0.335864387469019,0.436147394592408,0.553276662894718,0.16490622361215,0.170878717334185,2.52490171141155,0.436111111111111,0.541666666666667,0.672222222222222,-1.36990211258522,6.75941909345434,0.582701167034553,4.18126660856157,-5.73484827488212,-1.58378311652444,2.79275087258564,10.3768690644356,6.92497290898991,0.246644167978746,3.26657498047231,5.9689652164106,9.99292211386691,14.3262222169772,3.61792591164804,3.66539866106041,0.870347371753403,2.59342249150116,0.404090199406051,1.82551496153943,6.41923824663526,0.0179290378032782,0.00706951571309247,1.31873906918582,5.72667297758965,0.0137672090112641,0.016270337922403,0.0212765957446809,2.67272054163304,0.582553511307248,1.76484434455258,7.74600108371546,2.29105576487961,2.53448221042008,2.8980406207357,0.814090104887645,0.840764384938476,0.7641095183588,2.18475015068305,0.0792539560268413,0.412001455172192,1.55692383875422,3729.66249882145,562.129365698005,0.52188176136192,2.22796375869252,3208.02785076204,3647.36486636864,4141.22695555116,NaN,NaN,NaN,NaN,NaN,NaN,NaN,-1.44145183757253,2.68132557405517,-15.1242318131155,2.80121172433176,2.85190940657408,1.50590381402286,-0.24174316039668,0.692909628708286,1.15933995185641,0.88210861914516,0.175784164252638,0.471791612629101,0.0584059867380579,0.451698461288804,-0.132444077730534,0.39467005261513,0.118620131355546,0.364241315858779,0.158527841789734,0.305224869812625,-0.255828683295313,0.264335945167485,0.0314419139292081,0.256882381238129,0.0942278451581463,0.251813189784863,-0.101816259415572,0.202833116433863,-0.000978626937713829,0.599909861617553,-0.000719163712061325,0.734188447510206,0.000636524511724026,0.397254710628011,5.31523728053574e-05,0.246904029314206,-0.00102427522609633,0.242363791873436,-0.000128959779456305,0.181396702876314,0.000268925165261197,0.151343407678169,0.000834015434855179,0.145152752821873,0.00060079108016238,0.149408304438642,0.000102042294920504,0.124243819327746,0.000308453512143578,0.12907206633514,8.36019654164321e-05,0.122875874200673,-0.000326515335145215,0.119065849136829,0.000176358627844864,0.116452520210892,-0.000196419608256067,0.56470874830904,0.000160155251522944,0.58164435681294,0.000167026604013667,0.319343776369793,3.90776364071314e-06,0.252897454190882,2.34751206095912e-05,0.225073724811363,-9.93429016436634e-05,0.179728856689765,0.000121590001186315,0.163823042668133,-3.47004255865673e-05,0.153640246245585,2.89907219460614e-06,0.158306314479518,0.000189799783681677,0.135677934071116,-0.000111830382829469,0.150498531007131
1034-121119-0025,1034,121119,0025,unknown,1034,0.403022576407269,0.138415928153864,1.17166551125565,5.64558276511814,0.30528312807024,0.375588095537696,0.48021288022721,0.593032934058933,0.181588601718709,0.0548911649830104,2.71237166234471,0.465392561983471,0.586776859504132,0.731404958677686,-2.75051852874847,7.15194113629547,0.432937321978059,3.46983341628057,-7.84094945061533,-2.98996065741424,1.76150881897979,11.8677759421619,7.87717218798415,0.0802160547893879,3.67734614057931,6.99020808057742,11.4818241504129,16.70076999239,3.23185712422537,3.35294297494474,1.00219398159144,3.01447819028725,0.348476326094599,1.74737772785482,5.58458166575752,0.0153260735416293,0.00532865100741875,1.02019475299165,5.15727592906039,0.0125156445556946,0.0150187734668335,0.0175219023779725,2.58626228488483,0.594726245890057,1.55427909667362,6.04062015915264,2.18281449058072,2.43813036946419,2.82306665224111,0.651666819310247,0.707534865833928,1.14537289138165,3.50700849979787,0.0610931727963598,0.34716821621199,1.09347938952004,3695.95091986407,548.743743422697,0.449360438883476,2.07501638400426,3138.42642599861,3620.24522652341,4117.76519441762,NaN,NaN,NaN,NaN,NaN,NaN,NaN,-1.82968369175993,2.8323827168838,-15.6450893722138,2.78121859246102,3.02441670425634,1.57661322345546,-0.178462917116877,0.689876575820761,0.826719820715552,0.814891973897427,0.0950938240611029,0.51073063738455,0.145225162660055,0.416122360754983,-0.131483700983906,0.391878933234839,0.112148499023723,0.337404093776347,0.192853198824603,0.309898087977421,-0.197321505402273,0.266916725212661,0.0213793182576964,0.251403472522667,0.0734241899140793,0.255794579091321,-0.0475030853866004,0.223212405362633,0.000265388587960092,0.567153311724166,1.82955328351621e-05,0.695904352943921,0.000481692401020681,0.409022299158843,-1.79187981968499e-05,0.241680446473412,-0.000398691442561657,0.226602719876955,-0.000125029019507678,0.192950074733898,0.00022276123685618,0.158393096712452,0.000236917512592419,0.150270512188665,-0.000211173444698188,0.153133588847008,-0.00034871380900721,0.137920104251727,0.000107674150985458,0.131861013015613,0.000143219944855492,0.12173003566299,-5.29623576620719e-05,0.122210117552491,0.000138994357781129,0.110918593542197,-3.82404854731608e-05,0.554828521178736,-6.79807567968006e-05,0.576312368189419,4.59429915024871e-05,0.33244935058087,5.07936830910644e-05,0.248188857391386,-2.27809347551362e-05,0.220340059942979,-2.92014525259532e-05,0.195534255619027,0.000131419682636264,0.164933781386451,0.000128956323266605,0.163436752621381,-9.9196830213511e-05,0.16006675086822,-0.000112544804174196,0.153524273823117,-1.54050296568805e-05,0.152861297113754
1034-121119-0026,1034,121119,0026,unknown,1034,0.382954284722497,0.133421193139809,1.0952402515213,4.83855425688718,0.297974169562964,0.356635855226055,0.452364907338968,0.594900333614542,0.188878303873269,0.0654037254401418,2.53222026537543,0.462903225806452,0.586549539170507,0.730645161290323,-0.530915829275973,8.07511606808499,1.13498168552812,5.32348203152049,-5.53987799926468,-1.32284802681931,3.09991084517821,10.1175534343624,9.02958873421521,-1.0280663122796,6.51971035532711,5.80824209013893,10.3964742516116,15.1271994508946,2.22698120726534,2.66408720267474,1.35989017164109,3.87844264651823,0.226952618648506,0.966901883227271,3.54853813063366,0.0155021201875479,0.0061910412898213,1.53899062169624,6.32706757431773,0.0112640801001252,0.0137672090112641,0.0175219023779725,2.56680951624111,0.511830161430345,1.47047232293227,5.35181283359137,2.21908006827473,2.42313144138571,2.80622483316509,0.462949166992769,0.608916099441062,1.78556674632548,5.95613502919331,0.0321556310289995,0.168163071405112,0.729235383012978,3612.97822165149,551.115919113033,0.748780563192499,2.49519284889532,3102.65586990479,3443.83406762465,4045.70636126451,NaN,NaN,NaN,NaN,NaN,NaN,NaN,-2.46224916846163,2.78300272782106,-16.1345962443515,2.61977832409712,3.03057735513964,1.53756713948228,-0.229049197827767,0.646974328292405,0.65152275098617,0.89284500015875,-2.7706944832232e-05,0.490891207336681,0.143069203393733,0.413298928919585,-0.0971454106514441,0.396073538410466,0.137255044523146,0.311721203858657,0.110574549110723,0.247135879107325,-0.142578335805884,0.250400084673975,0.00618023762969529,0.262712403475327,0.0545939168868073,0.23211905796965,0.00596131071005656,0.208254870826475,-0.0017573328771142,0.567142132048363,-0.00214832162686576,0.669440324479641,-0.00113844955760166,0.373472576485945,0.00103081465892845,0.234195739880685,0.000907602011521881,0.213181477950976,0.000132516340280348,0.190393322928058,-0.000627266583886013,0.158603199000296,0.000330059395053709,0.158797527177353,0.00121840855907979,0.138328337609969,0.000254941835193199,0.125312142258017,0.000295404784315545,0.125761389891382,-0.000225105859945893,0.116812861063239,-0.000745489059204561,0.119268327843643,6.93134298743401e-05,0.103395032029514,7.55520856706106e-05,0.527631145113271,0.000208708784901725,0.537000471037212,0.000215804022633644,0.292294649196847,6.35206174880538e-05,0.234524079480505,0.000237454447252755,0.200759802759403,6.28117404337857e-05,0.188197047547155,-0.000413973372715915,0.172489919539213,-2.42602185328334e-05,0.169373873561097,-8.27288575159757e-06,0.155478535430721,-5.57004246303596e-05,0.148195915628852,-0.000277397265872221,0.142614940515541
1034-121119-0027,1034,121119,0027,unknown,1034,0.376418086439157,0.136207589972356,0.756613140031711,3.90299184694804,0.27645560139459,0.363702497655815,0.453548693444872,0.571990463328904,0.183287161326214,0.156738109033395,2.61273472326887,0.435897435897436,0.565323565323565,0.699626068376068,-1.12666117238292,7.88531611102383,0.769357443814589,4.52490990698163,-6.41903621009141,-1.8395524752443,3.10702033595121,10.3418856782096,8.12982702075316,0.225667783999687,3.24370505081453,5.09625843749383,9.71167001711574,15.0501315666406,4.31620364035255,4.56297275092369,0.831356319662806,2.39032494052771,0.315654832752487,2.0939815610985,7.9637767401741,0.0177722152690864,0.00727294837024348,1.41882172132389,5.66334929175391,0.0125156445556946,0.016270337922403,0.0200250312891114,2.62319316304319,0.582250844770205,1.67425452677824,7.40625336388262,2.23158476500455,2.48875532564185,2.84888343233224,0.963191228840422,1.07300916405811,0.988361030223104,2.86540979069308,0.0588332311962217,0.426051058773171,1.76899745258375,3752.10814987601,627.416544878321,0.555086015164358,2.11180333937234,3157.87318816796,3612.93795693381,4243.3043596443,NaN,NaN,NaN,NaN,NaN,NaN,NaN,-1.27852117687936,2.91431502151984,-15.0395370850097,2.8335989105108,3.35468657607821,1.57089139080284,-0.340188138328557,0.731431795931971,0.851962116063418,0.841727661594222,0.0664790172021224,0.55051243525411,0.209307717354637,0.429006596454064,-0.164780720966518,0.363933295617857,-0.0365302859910997,0.395469821956508,0.155920760637236,0.319570785900022,-0.175502875858672,0.280446579607205,-0.0584640924794529,0.2676412274437,0.0326263529248071,0.255681343072812,-0.0110311161566153,0.2132877387341,7.76094073887328e-05,0.574312164047828,0.000194648160588355,0.71575769998896,-1.46322355965782e-05,0.416663944327092,0.00018697792534587,0.26903072056857,9.26703970927791e-05,0.23298609720344,-0.000233480795484776,0.19095990043226,-8.50524147096273e-05,0.157756107160931,-1.70187868679448e-06,0.142884372331704,0.000144739005650441,0.162834784379981,-0.00015533239343421,0.141129552064748,4.73300615927636e-07,0.131983960098492,0.000172708788040699,0.130358740655318,-9.29326552314293e-05,0.122934539059704,-5.77910087850782e-05,0.110352299303561,-1.60905310930181e-05,0.488301213776307,0.00013869946002817,0.585369389993503,4.77086102527654e-05,0.376129815054791,-6.29186840866443e-05,0.287925005598646,-3.20728924480468e-05,0.226521445113457,-1.2947676744274e-06,0.200985030143215,-6.8632349503306e-05,0.171306252970772,7.40801129674319e-05,0.154955027736855,2.76559072364482e-05,0.166638890172377,3.8157779335983e-06,0.163256679891833,-6.30786577794233e-05,0.157337402562667
1034-121119-0028,1034,121119,0028,unknown,1034,0.35020944039011,0.112688493575703,0.940689660678758,4.57160987830213,0.276251645791216,0.333000902390434,0.40886460703431,0.581501473147265,0.183887068842873,0.00927323553632141,2.44768940729596,0.441960252935863,0.585365853658537,0.713027487417731,-2.03069116760715,7.34228582027187,0.822875774047384,5.17752846983229,-6.64554414194494,-2.49469533977334,1.7086571878489,11.5153869338691,8.70823526043644,-0.297620443654689,5.2050257937079,6.44238592876905,10.9728253361386,16.5069706593118,5.41959414294783,5.10821980902849,1.01822060275442,3.60493136329616,0.980991775449891,4.05029790674143,8.98585075183287,0.0174320730450675,0.00659323288800386,1.39861446011044,5.8473545206456,0.0137672090112641,0.016270337922403,0.0200250312891114,2.59039216622676,0.557141356281842,1.48126365977821,6.12186856192906,2.21532263469789,2.44958949463316,2.82317464589167,1.14770279295247,1.15057712395769,1.22283162111539,4.23401183621238,0.174223759151127,0.797311948885518,1.84249963065879,3859.03326179778,596.692730484979,0.350856034616568,2.02827141590251,3318.73973448968,3807.21903768724,4352.83934081593,NaN,NaN,NaN,NaN,NaN,NaN,NaN,-0.55017187313251,2.42811092761514,-14.3183939889527,2.43493548390206,3.34827940230208,1.65358080551931,-0.243693204505222,0.712463931500511,0.984711887565193,0.939810007300308,0.0803324666754282,0.58992477918173,0.0505156564023609,0.434289575630567,-0.121665179209949,0.38953538597172,0.0576255807422103,0.353960671599645,0.15260799345404,0.302571314930332,-0.166864864609592,0.262974664481596,-0.0690055846542546,0.263681616965059,0.0861408859703144,0.246022747435182,-0.0154794051250068,0.220626088319227,0.000734086572620954,0.545672340256349,0.000966312282281011,0.720950467411689,0.000203751160883812,0.42743448611615,-0.000411296943195277,0.259545856310262,3.23588384466037e-05,0.253641306109099,0.000137462457545247,0.203963036039772,-2.33809593575057e-05,0.160896875510208,-0.000215220779492992,0.144717321209451,-5.80337284122471e-05,0.150545293146219,0.000408791582171158,0.130362177939809,0.000114201436275982,0.11983497549422,-0.000305919449514812,0.126439527252048,0.000107403407840992,0.119513087166681,0.000298777888641203,0.10622375592237,7.35488478837131e-05,0.449394529131215,0.000322940636499034,0.577293397921658,0.000108754757796119,0.367399240096156,-6.82859595232728e-05,0.260553703742219,6.00191182725266e-05,0.239974409908075,9.40769316387567e-05,0.205873100638921,7.43555276083409e-05,0.169945190110785,-8.33065368013103e-05,0.154232614851335,-2.85161429152443e-05,0.158795211061114,-6.40003254079545e-06,0.146721604555044,-4.62761566540793e-05,0.141982389261312
1034-121119-0029,1034,121119,0029,unknown,1034,0.423244678649608,0.159939141119434,1.39613135239693,6.35560000045185,0.311250528780453,0.391629652038658,0.48958561363384,0.583062782899036,0.192692440512644,0.0981588449071965,2.39630447653448,0.446527777777778,0.566247795414462,0.728780864197531,-1.56920301273312,8.61285315924298,0.64815886637526,3.82914547733896,-7.45896205522858,-2.3566143197789,3.60921026761882,11.6273625326889,9.95025995088881,-0.120510812652296,3.2232317356066,5.38067975692936,11.1887886690753,18.4522715999448,6.2529344537512,6.28805254177432,0.798027685139559,2.47965275491711,0.508216838645173,3.6105951436852,11.7761894217294,0.0174144273139208,0.0061048759986376,0.619976094214033,3.85197014189874,0.0137672090112641,0.016270337922403,0.0212765957446809,2.63012799476844,0.578673743698965,1.36084225767088,5.43408769745941,2.22490239676729,2.49828343008031,2.88059662902007,1.33428745505068,1.38872816646817,0.936319001288433,3.08643647935633,0.0976227223581327,0.763503319593345,2.45891894802879,3835.32819892895,621.796123421074,0.389371646858049,1.93405889846114,3239.5523418562,3712.52246939982,4362.79306218754,NaN,NaN,NaN,NaN,NaN,NaN,NaN,-0.793110798299501,2.82970575154138,-14.5931651154547,2.78463962102599,3.1245661344998,1.40262005175564,-0.197346002319582,0.749408433757324,1.18418388299134,1.00761399435367,0.0589912165256916,0.59941552716902,0.066095364906982,0.376109983482308,-0.0583660308332921,0.407643419512075,0.0869753347589802,0.356173092857915,0.118096218982318,0.295098470565709,-0.0933401856525703,0.286364362033554,-0.0282703187047749,0.293071614616474,0.0587585781351268,0.227216873635899,0.0572782116650159,0.219387025302358,-0.00270651199026822,0.629902036075471,-0.00401292673444274,0.74150472764203,-0.000170455303806813,0.418953562452925,0.00185376550243886,0.294410139462099,-0.000816828599697165,0.278002910828385,0.000181549831727924,0.196248159397691,0.000419903491655534,0.16310292793518,0.000632653488498541,0.159583793518984,0.000212797050275709,0.152283810965068,-0.000489437683357464,0.136022153732812,0.000105357166832593,0.141318237191815,0.000176403101738103,0.135337390424806,-0.000128243914029569,0.122498296693721,0.000301638764932379,0.109103296630287,-7.83108070881461e-05,0.602691883161442,-5.6105018603836e-05,0.623470600373357,0.000112086896813829,0.380618485128967,0.000254157247438892,0.30273968403231,-6.59905996934992e-06,0.266241035312223,-0.000125128163306976,0.211292876931892,-0.000112844246542981,0.17558286262381,-0.000151672467580366,0.164262663413984,8.82368076073455e-07,0.161290421766655,0.000119828270347134,0.152766619895385,-0.000334880730624807,0.154638370322649
